{
  "build": {
    "core": "esp32",
    "extra_flags": "-DARDUINO_ESP32_DEV",
    "f_cpu": "240000000L",
    "f_flash": "40000000L",
    "flash_mode": "dio",
    "hwids": [
      [
        "0x0403",
        "0x6010"
      ]
    ],
    "mcu": "esp32",
    "variant": "esp32"
  },
  "connectivity": [
    "wifi",
    "bluetooth",
    "ethernet",
    "can"
  ],
  "debug": {
    "default_tool": "ftdi",
    "onboard_tools": [
      "ftdi"
    ],
    "openocd_board": "esp32-wrover.cfg"
  },
  "frameworks": [
    "arduino",
    "espidf"
  ],
  "name": "Espressif ESP-WROVER-KIT",
  "upload": {
    "flash_size": "4MB",
    "maximum_ram_size": 327680,
    "maximum_size": 4194304,
    "protocols": [
      "esptool",
      "espota",
      "ftdi"
    ],
    "require_upload_port": true,
    "speed": 460800
  },
  "url": "https://espressif.com/en/products/hardware/esp-wrover-kit/overview",
  "vendor": "Espressif"
}
