{
  "build": {
    "arduino": {
      "partitions": "default_16MB.csv",
      "memory_type": "qio_opi"
    },
    "core": "esp32",
    "extra_flags": [
      "-DARDUINO_LOLIN_S3_PRO",
      "-DBOARD_HAS_PSRAM",
      "-DARDUINO_USB_MODE=1",
      "-DARDUINO_RUNNING_CORE=1",
      "-DARDUINO_EVENT_RUNNING_CORE=1"
    ],
    "f_cpu": "240000000L",
    "f_flash": "80000000L",
    "flash_mode": "qio",
    "hwids": [
      [
        "0x303A",
        "0x8161"
      ]
    ],
    "mcu": "esp32s3",
    "variant": "lolin_s3_pro"
  },
  "connectivity": [
    "wifi",
    "bluetooth"
  ],
  "debug": {
    "openocd_target": "esp32s3.cfg"
  },
  "frameworks": [
    "arduino",
    "espidf"
  ],
  "name": "WEMOS LOLIN S3 PRO",
  "upload": {
    "flash_size": "16MB",
    "maximum_ram_size": 327680,
    "maximum_size": 16777216,
    "require_upload_port": true,
    "speed": 460800
  },
  "url": "https://www.wemos.cc/en/latest/s3/s3_pro.html",
  "vendor": "WEMOS"
}
