{
  "build": {
    "arduino": {
      "ldscript": "esp32s2_out.ld"
    },
    "core": "esp32",
    "extra_flags": [
      "-DARDUINO_TINYS2",
      "-DBOARD_HAS_PSRAM",
      "-DARDUINO_USB_CDC_ON_BOOT=1"
    ],
    "f_cpu": "240000000L",
    "f_flash": "40000000L",
    "flash_mode": "dio",
    "hwids": [
      [
        "0x303A",
        "0x8001"
      ]
    ],
    "mcu": "esp32s2",
    "variant": "um_tinys2"
  },
  "connectivity": [
    "wifi"
  ],
  "debug": {
    "openocd_target": "esp32s2.cfg"
  },
  "frameworks": [
    "arduino",
    "espidf"
  ],
  "name": "Unexpected Maker TinyS2",
  "upload": {
    "flash_size": "4MB",
    "maximum_ram_size": 327680,
    "maximum_size": 4194304,
    "use_1200bps_touch": true,
    "wait_for_upload_port": true,
    "require_upload_port": true,
    "speed": 921600
  },
  "url": "https://tinys2.io",
  "vendor": "Unexpected Maker"
}
